iter	RMSE
0	45.54308429
1	45.4658923
2	45.39467405
3	45.34501162
4	45.27553014
5	45.25912821
6	45.20062421
7	45.11239481
8	45.03597783
9	44.95061635
10	44.86587829
11	44.7854438
12	44.72804698
13	44.6551403
14	44.58090919
15	44.49743917
16	44.42574221
17	44.34415043
18	44.27231484
19	44.19122884
20	44.10417746
21	44.02935585
22	43.95916256
23	43.88416338
24	43.82796273
25	43.75428725
26	43.68378345
27	43.62110287
28	43.53723643
29	43.46443275
